pid,gebdatum,name
100001,1989-09-15,Ansley Sandoval
100002,1948-03-21,Erin Meadows
100003,1997-08-10,Esperanza Higgins
100004,1951-03-30,Jenny Roth
100005,1985-03-05,Alessandro Herring
100006,1948-08-21,Bridger Wade
100007,1960-09-12,Lina Mcintosh
100008,1966-01-31,Ronnie Jones
100009,1947-01-18,Evangeline Burns
100010,1977-02-05,Shayna Cantu
100011,1962-01-21,Kayla Fitzpatrick
100012,1944-11-20,Roberto Barrera
100013,1946-05-18,Myles Bright
100014,1989-07-12,Jakayla Best
100015,1958-11-03,Jesus Gray
100016,1969-12-16,Alana Woodward
100017,1978-11-18,Vicente Hughes
100018,1946-04-26,Kailey Lawson
100019,1996-10-30,Lamar Sanford
100020,1965-04-30,Jackson Webster
100021,1985-03-01,Franklin Barrera
100022,1941-12-24,Lila Wall
100023,1997-01-25,Kaelyn Watts
100024,1975-08-29,Hailee Schwartz
100025,2001-04-09,Cierra Yu
100026,1988-06-29,Shelby Rose
100027,1993-02-18,Annabelle Washington
100028,1992-06-08,Cruz Carson
100029,1965-01-09,Ali Bowen
100030,1958-12-08,Camron Willis
100031,2004-11-18,Amelie Hendricks
100032,1991-07-12,Esther Freeman
100033,1945-05-13,Leilani Allen
100034,1982-09-07,Carlos Welch
100035,1966-09-18,Jeffery Jennings
100036,1949-01-25,Barrett James
100037,1974-12-30,Abril Yang
100038,1945-01-04,Easton Dixon
100039,1970-06-15,Allyson Russo
100040,1983-11-14,Finnegan Arellano
100041,2003-12-10,Brennen Meyer
100042,1954-08-17,Nickolas Vaughn
100043,1960-01-13,Kamron Harvey
100044,1974-03-07,Macy Coffey
100045,1962-10-14,Donte Humphrey
100046,1965-04-17,Evelyn Rowe
100047,2001-08-21,Elaine Drake
100048,1966-04-09,Desirae Guerra
100049,1966-08-29,Averi Klein
100050,1973-04-21,Kian Bonilla
100051,1988-05-16,Kali Melendez
100052,1973-07-13,Raquel Mccullough
100053,2001-12-02,Chaz Rodriguez
100054,1964-05-25,Giana Erickson
100055,1944-03-15,Jaylin Park
100056,1961-02-14,Rogelio Floyd
100057,1975-11-30,Allan Aguirre
100058,1949-04-21,Grant Stanton
100059,1980-01-15,Janae Salinas
100060,1967-08-21,Cannon Brock
100061,1940-03-07,Gracie Branch
100062,1974-01-25,Athena Wilkins
100063,1969-03-27,Miracle Lozano
100064,2002-07-06,Clinton Rice
100065,1943-03-30,Alexis Dean
100066,1977-10-25,Marianna Leach
100067,1984-07-26,Julie Khan
100068,1981-07-24,Leticia Spence
100069,1988-11-25,Marlee Stokes
100070,1976-07-11,Arturo Randolph
100071,1961-04-17,Gregory White
100072,1957-01-19,Hugo Gillespie
100073,1950-11-07,Johnny Morrison
100074,1991-11-23,Elliott Frank
100075,1978-04-24,Deven Knight
100076,1973-01-29,Brisa Abbott
100077,1963-07-21,Dakota Mills
100078,1952-11-05,Muhammad Warren
100079,1977-05-07,Allan Morrow
100080,1958-11-13,Reed Luna
100081,1980-08-19,Larissa Brady
100082,1949-09-16,Junior Summers
100083,1982-03-19,Athena Guerra
100084,1998-07-25,Layton Yang
100085,1963-02-18,Franklin Davis
100086,1941-07-22,Muhammad Griffith
100087,1984-02-17,Emilee Hinton
100088,1977-09-22,Jordyn Baker
100089,1940-06-22,Matias Glenn
100090,1982-02-02,Peter Boyd
100091,1999-07-09,Jamie Ray
100092,1995-08-14,Jaydan Santana
100093,1957-01-14,Brooke Rivas
100094,1964-02-21,Ryleigh Oconnell
100095,1968-01-18,Alice Cunningham
100096,1970-06-30,Edward Espinoza
100097,1954-08-20,Kristopher Padilla
100098,1950-05-28,Joaquin Edwards
100099,1990-04-27,Marvin Flynn
100100,1964-08-26,Brianna Miranda
100101,1952-05-19,Kaylen Welch
100102,1984-05-16,Reina Soto
100103,1940-09-15,Reese Frank
100104,1991-08-04,Kasey Benson
100105,1949-03-17,Katherine Moody
100106,1950-09-03,Jazlynn Vincent
100107,1949-04-22,Christina Garrett
100108,1983-11-08,Darian Nicholson
100109,1974-04-27,Damaris Heath
100110,1986-07-02,Jalen Glenn
100111,1964-03-19,Daisy Richardson
100112,1943-05-11,Veronica Hebert
100113,1968-01-09,River Compton
100114,1951-04-18,Bruce Hoover
100115,1996-11-03,Charlie Frost
100116,1986-10-03,Skyler Griffith
100117,1954-04-13,Adalyn Rush
100118,1974-11-23,Clarissa Hobbs
100119,1960-08-30,Julia Landry
100120,1957-08-18,Alvaro Hopkins
100121,1974-12-18,Imani Mcintyre
100122,1947-09-14,Aimee Roman
100123,1997-08-05,Daniela Lucas
100124,1987-02-10,Katie Combs
100125,1999-11-05,Abril Burns
100126,1982-11-05,Keira Gregory
100127,1992-06-01,Nathanial Cervantes
100128,1988-11-08,Mitchell Stewart
100129,1983-08-21,Cash Gill
100130,1966-08-21,Jaydon Michael
100131,1952-08-14,Eden Krueger
100132,1987-05-05,Shannon Ramsey
100133,1962-03-21,Darrell Roberts
100134,1975-12-30,Hailie Huerta
100135,1959-07-15,Nathalie Tanner
100136,1949-09-10,Kailee Woodward
100137,1944-06-15,Marley Ayers
100138,1979-02-11,Matthias Austin
100139,1968-06-16,Yadira Peters
100140,1950-11-19,Darwin Mata
100141,1961-12-16,Deandre Fritz
100142,1963-11-23,Alison Stanley
100143,1998-11-09,Jaden Soto
100144,1996-06-14,Michaela Curtis
100145,1977-03-30,Chace Watkins
100146,1943-04-05,Rebekah Newman
100147,1947-02-09,Alina Watkins
100148,1990-11-16,Mauricio Moody
100149,1944-08-26,Raelynn Contreras
100150,1967-04-13,Levi Arias
100151,1981-04-10,Kathryn Key
100152,1943-11-02,Blake Deleon
100153,1940-12-10,Litzy Douglas
100154,1969-07-01,Brenden Tapia
100155,1991-02-10,Mikaela Pacheco
100156,1951-06-28,Prince Barnes
100157,1997-02-19,Terrance Marshall
100158,2001-12-30,Clark Miller
100159,1980-08-24,Dennis Esparza
100160,2001-07-14,Conner Roberson
100161,1952-11-10,Irene Ross
100162,1962-11-02,Mariana Olson
100163,1995-01-18,Elisabeth Yates
100164,1953-11-16,Kymani Silva
100165,1976-10-16,Leandro Moody
100166,1958-06-29,Jaxson Barrett
100167,1961-02-12,Elsie Villa
100168,1966-06-28,Madilyn Houston
100169,2005-06-17,Christian Miller
100170,1962-07-01,Brogan Hall
100171,1949-03-01,Caitlin Henry
100172,1995-01-14,Alanna York
100173,1981-03-29,Kayleigh Lane
100174,1964-11-16,Chanel Miles
100175,1995-06-20,Mohammad Roach
100176,1949-06-23,Miranda Simon
100177,1998-02-12,Jasmin Stark
100178,1989-07-10,Adrianna Allison
100179,1959-09-27,Nikhil Castaneda
100180,1969-11-11,Destiney Brady
100181,1989-03-19,Kendal Yu
100182,1961-02-08,Carter Oneal
100183,2005-05-08,Howard Perkins
100184,1964-08-05,Ibrahim Osborne
100185,1947-12-04,Jamison Fox
100186,1995-10-04,Harry Hall
100187,1974-03-31,Tyrone Faulkner
100188,1991-05-07,Allan English
100189,1970-01-18,Clarence Foster
100190,1967-04-06,Malik Pitts
100191,1994-04-06,Malakai Nielsen
100192,1978-09-06,Leo Fowler
100193,1964-07-03,Brian Campbell
100194,1995-07-22,Marianna Campbell
100195,1955-12-19,Isabela Patel
100196,1947-11-14,Karter Arias
100197,1970-09-15,Rachel Snow
100198,1940-04-24,Ximena Waller
100199,2005-08-26,Marley Lang
100200,1992-05-24,Van Wu
100201,1985-02-01,Giovani Blackburn
100202,1963-05-23,Quintin Cherry
100203,1987-11-19,Raquel Keith
100204,1971-05-18,Eileen Robbins
100205,1976-08-12,Breanna Cameron
100206,2000-12-19,Kiley Torres
100207,1991-06-20,Renee Gomez
100208,1993-08-14,London Santiago
100209,1964-06-13,Marilyn Horton
100210,1984-09-09,Jaelyn Decker
100211,2003-03-28,Logan Shannon
100212,1990-08-12,Josiah Ochoa
100213,1957-02-12,Hudson Adams
100214,2005-01-14,Shyann Whitehead
100215,1993-03-24,Deon Zavala
100216,1950-10-05,Maximo Macdonald
100217,1942-02-16,Leia Munoz
100218,1975-01-21,Bruce Mcneil
100219,1985-03-06,Moriah Ritter
100220,1994-10-03,Brandon Espinoza
100221,1984-05-16,Karissa Mullen
100222,1990-02-07,Macie Murray
100223,1995-12-16,Khloe Pace
100224,1996-04-22,Zavier Cohen
100225,1989-12-01,Jaida Lee
100226,1977-07-05,Alyson Hall
100227,1952-09-25,Martin Rodriguez
100228,2004-06-05,Yesenia Hendrix
100229,1982-06-25,Makai Nunez
100230,1995-01-19,Vance Baird
100231,1978-02-01,Koen Lambert
100232,2005-06-07,Britney Yates
100233,1949-05-05,Daniela Cooley
100234,1961-11-23,Kaeden Cain
100235,1966-02-27,Alex Hawkins
100236,1991-04-17,Hezekiah Gutierrez
100237,1992-12-12,Harrison Shaw
100238,1952-04-06,Bethany Sampson
100239,1994-04-17,Lisa Barber
100240,1973-09-19,Leonel Long
100241,1942-03-03,Rory Benson
100242,1996-12-21,Yadira Wallace
100243,1960-04-12,Bella Leonard
100244,1994-07-20,Ruben Guerra
100245,1951-04-04,Reece Atkinson
100246,1968-03-19,Reid Walter
100247,1990-10-26,Julianne Bullock
100248,1994-01-07,Xzavier Gibbs
100249,1942-02-01,Marcos Owens
100250,1970-11-14,Sean Suarez
100251,1947-08-13,Kylie Molina
100252,2003-09-16,Mila Bentley
100253,2005-01-08,Tony Odom
100254,1968-10-03,Damon Figueroa
100255,1940-07-12,Hallie Vang
100256,1957-06-01,Tanner Boyer
100257,1959-10-13,Maliyah Lynn
100258,1948-08-31,Londyn Reyes
100259,1988-11-13,Cloe Ashley
100260,2004-11-29,Sheldon Bradley
100261,1965-11-03,Mateo Holloway
100262,1991-03-11,Tristan Nolan
100263,1991-09-12,Angeline Gaines
100264,1991-02-08,Matthias Marks
100265,1978-06-14,Meadow Rivas
100266,1966-10-10,Joseph Lozano
100267,1980-11-13,Emilee Middleton
100268,1941-01-17,Rodolfo Monroe
100269,1953-08-13,Moshe Harvey
100270,1963-09-11,Nasir Grant
100271,1957-11-17,Grant Page
100272,1940-06-19,Lee Haley
100273,1994-06-24,Azaria Rocha
100274,1964-11-04,Mateo Adkins
100275,1945-06-06,Louis Peters
100276,1953-09-23,Kian Mclean
100277,1982-09-19,Izabelle Jenkins
100278,1958-03-22,Kieran Keith
100279,1984-02-26,Alanna Jordan
100280,1946-02-02,Cindy Wong
100281,1983-06-05,Gary Doyle
100282,1970-05-25,Zion Lawson
100283,1969-09-05,Kristin Barber
100284,1942-06-19,Sean Ashley
100285,1982-08-10,Daniel Mosley
100286,1948-06-11,Camille Poole
100287,1971-01-31,Kash Chandler
100288,1983-07-22,Chelsea Griffith
100289,1990-11-16,Brendon Barker
100290,1960-07-15,Ariana Hayden
100291,1944-10-14,Prince Finley
100292,1971-08-06,Wendy Harding
100293,1962-05-24,Kristina Grant
100294,1946-11-23,Camden Martin
100295,1995-02-04,Layton Collins
100296,1989-09-03,Angelica Bennett
100297,1949-07-28,Abby Brooks
100298,1978-02-09,August Velasquez
100299,1985-06-30,Lina Norris
100300,1975-09-07,Aron Dennis
100301,1988-09-18,Elisabeth Hines
100302,1982-09-03,Yurem Donovan
100303,1953-03-02,Mary Vincent
100304,1990-04-24,Jayla Carter
100305,1949-02-20,Noe Conner
100306,1976-04-06,Logan Lee
100307,1962-08-01,Josephine Preston
100308,1969-02-10,Larry Beard
100309,1950-11-05,Kolby Ross
100310,1970-01-22,Maximo Cisneros
100311,1988-01-19,Zaid Castro
100312,1952-09-07,Mara Hull
100313,1967-06-26,Trenton Prince
100314,1985-04-30,Wendy Bryant
100315,1960-05-02,Megan Haas
100316,1981-07-26,Dana Wilkinson
100317,1943-10-19,Benjamin Meadows
100318,1940-01-25,Eva Griffin
100319,1990-04-08,Ashly Mccarthy
100320,1975-11-15,Jacob Hanna
100321,1942-03-07,Peter Hays
100322,1983-10-01,Kenna Guzman
100323,1978-09-23,Nikolas Osborn
100324,1969-09-04,Abdullah Young
100325,1976-02-05,Brice Meyers
100326,1953-12-30,Alivia Hartman
100327,1975-06-09,Mariah Bentley
100328,2001-01-04,Savanah Holloway
100329,1978-05-21,Josie Maldonado
100330,1987-11-11,Emerson Galloway
100331,2001-07-07,Jasiah Landry
100332,1997-11-27,Taliyah Golden
100333,1971-08-24,Jovani Mccoy
100334,1966-04-28,Larissa Jefferson
100335,1998-06-11,Alyssa Santana
100336,1996-04-12,Kenzie Sawyer
100337,1985-08-03,Matthias Shelton
100338,1985-10-27,Haley David
100339,1988-06-28,Abdullah Benson
100340,1945-07-06,Adelyn Banks
100341,1966-10-21,Rory Hughes
100342,1947-10-15,Ty Gaines
100343,1954-06-20,Moshe Gill
100344,1962-11-26,Luciano Cooley
100345,1964-01-13,Elizabeth Shepherd
100346,1941-07-11,Jaquan Barber
100347,2004-07-16,Yareli Salazar
100348,1944-04-27,Serena Cooke
100349,1974-09-27,Vicente Delacruz
100350,1998-11-11,Annika Esparza
100351,1950-05-28,Aubrey Ferrell
100352,1991-04-02,Rylan Pineda
100353,1977-09-10,Clare Roberts
100354,2003-01-10,Madalyn Hebert
100355,1952-01-24,Angelica Mccoy
100356,1982-09-28,Mekhi Osborne
100357,1976-11-25,Samara Kaiser
100358,1996-01-15,Davon Joyce
100359,1960-02-19,Jamison Craig
100360,1959-05-02,Thalia Nielsen
100361,1979-04-22,Andre Waters
100362,1995-12-11,Muhammad Macdonald
100363,1948-06-20,Juliette Phillips
100364,1978-03-15,Callum Greer
100365,1956-04-04,Jayden Lester
100366,1962-06-26,Thomas Mclaughlin
100367,1984-12-19,Kinley Mora
100368,1960-07-24,Marc Salas
100369,1996-10-07,Elisha Goodwin
100370,1963-04-05,Krista Rios
100371,1945-11-09,Jayce Roth
100372,1977-03-14,Hayden Luna
100373,1996-10-06,Adrienne Cuevas
100374,1961-09-24,Finley Mathis
100375,2003-08-06,Mina Cross
100376,1940-07-20,Abbey Hayes
100377,1983-01-28,Reece Harris
100378,1968-04-29,Immanuel Dickerson
100379,1996-05-19,Jenna Gardner
100380,1971-07-12,Yaretzi Skinner
100381,2005-02-12,Sebastian Berry
100382,1965-07-15,Jaxon Livingston
100383,1952-11-30,Norah Odonnell
100384,1945-02-08,Levi Hall
100385,1949-11-19,Emelia Lambert
100386,1997-04-01,Cora Little
100387,2002-03-19,Jameson Armstrong
100388,1949-06-30,Marlon Obrien
100389,1948-01-29,Omari Cochran
100390,1972-04-23,Zain Griffith
100391,1980-09-11,Dwayne Mooney
100392,1985-01-06,Allen Pena
100393,1974-11-26,Kennedi Osborne
100394,1984-11-30,Kareem Hurst
100395,1999-07-31,Aidyn Chavez
100396,1954-09-03,Jacquelyn Aguirre
100397,1998-11-17,Alia Ware
100398,1947-05-05,Kylee Baird
100399,1964-12-29,Kenya Dalton
100400,1993-08-06,Skyla Patton
100401,1953-02-27,Rubi Hogan
100402,1948-07-19,Frederick Cameron
100403,1969-02-07,Clayton Fitzpatrick
100404,1953-11-02,Henry Richardson
100405,1967-04-06,Jovani Dean
100406,1963-05-31,Cameron Reeves
100407,1977-08-22,Phoenix Hendrix
100408,1971-05-15,Aylin Lucas
100409,1972-10-02,Patrick Weeks
100410,1967-08-19,Keaton Johnson
100411,1954-02-13,Francisco Armstrong
100412,1986-09-06,Leanna Bell
100413,1952-02-16,Rashad Noble
100414,1976-07-03,Guadalupe Bauer
100415,1991-10-20,Gina Ross
100416,2005-07-10,Derek Glover
100417,1960-05-13,Kaylin Mathews
100418,1985-06-03,Gabriel Farley
100419,1975-12-11,Linda Gates
100420,1966-11-19,Jacob Casey
100421,1941-05-03,Layton Lawson
100422,1991-12-04,Joel Barker
100423,1942-02-23,Simeon Nicholson
100424,1997-04-26,Makenna Walls
100425,1943-01-25,Haylie Alvarado
100426,2004-07-21,Kaylen Ryan
100427,1996-09-25,Logan Bartlett
100428,1993-06-03,Yesenia Glass
100429,2004-12-24,Valeria Le
100430,1987-06-19,Pierce Frey
100431,1986-03-17,Dalton Flores
100432,1942-12-14,Halle Lynch
100433,1972-05-28,Izabella Sanford
100434,1991-04-30,Camryn Delacruz
100435,1984-03-09,Jose Mccarty
100436,1960-09-15,Destiney Roberson
100437,1955-08-11,Amelia Wolf
100438,1988-12-02,Landyn Cordova
100439,2001-05-22,Reina Larson
100440,1983-05-18,Ashly Park
100441,1968-10-11,Vicente Durham
100442,2001-12-28,Carlos Rosario
100443,2003-12-31,Slade Ritter
100444,1954-04-25,Finley Ortega
100445,1953-05-20,Richard Santos
100446,1968-09-15,Sawyer Gould
100447,1980-02-28,Baylee Golden
100448,2001-01-28,Anaya Houston
100449,1958-11-25,Raiden Armstrong
100450,1945-04-26,Madilynn Gardner
100451,1940-06-29,Abram Potter
100452,2002-06-28,Braeden Scott
100453,1978-01-27,Karsyn Meyers
100454,1987-11-22,Rhys Miller
100455,1957-08-04,Matteo Duke
100456,1971-04-28,Camryn Hartman
100457,1948-06-26,Yareli Ball
100458,1949-10-12,Paul Nguyen
100459,1999-10-20,Braelyn Tapia
100460,1996-02-25,Kiana Gordon
100461,1995-09-05,Ahmad Hays
100462,2001-11-13,Frederick Richmond
100463,1960-11-25,Lailah Randolph
100464,1993-07-06,Layla Hobbs
100465,1986-12-11,Camryn Snow
100466,1943-04-02,Chana Cantrell
100467,1962-11-05,Cassandra Aguirre
100468,1971-12-16,Lena Stone
100469,1972-12-25,Krish Thomas
100470,1966-08-19,Jaslene Finley
100471,1956-06-30,Elsa Dickerson
100472,1943-04-28,Ernesto Barrett
100473,1966-04-03,Christian Villarreal
100474,2002-01-30,Aubrie Tucker
100475,1967-11-16,Baylee Humphrey
100476,1948-07-15,Lyric Baldwin
100477,2003-06-14,Skyler Thompson
100478,1990-05-03,Maeve Reyes
100479,1975-04-11,Pierre Weeks
100480,1954-09-28,Hector Hooper
100481,1980-09-11,Brandon Ramirez
100482,1957-08-18,John Francis
100483,1959-10-21,Alexander Lucas
100484,1948-09-25,Kyson Rogers
100485,1977-12-10,Mateo Jarvis
100486,1968-10-06,Pamela Floyd
100487,1986-11-23,Maximilian Colon
100488,1984-01-14,Camilla Livingston
100489,1952-07-24,Prince Walton
100490,1954-06-26,Payton Whitney
100491,1978-07-18,Krista Arias
100492,1989-12-28,Aubrey Esparza
100493,2000-06-16,Kaia Oconnell
100494,1940-07-24,Holly Mclaughlin
100495,1951-05-03,Kaitlin Cline
100496,1958-10-17,Titus Schneider
100497,2001-06-14,Deangelo Wilkerson
100498,1944-06-24,Issac Ray
100499,1996-03-24,Case Duncan
100500,1979-12-05,Isaias Ramos
100501,1978-01-29,Dominic Jacobson
100502,1961-06-08,Kallie Wolf
100503,1985-12-07,Ava Contreras
100504,1975-01-09,Regan Rodgers
100505,1997-10-18,Megan Galloway
100506,1946-03-17,Marin Donovan
100507,1963-04-08,Linda Norman
100508,1970-12-12,Amiah Vance
100509,1951-12-04,Darwin Haley
100510,1962-12-23,Mireya Vang
100511,2001-12-04,Quentin Vaughn
100512,1968-07-10,Seth Murillo
100513,2001-10-19,Khloe Clay
100514,1943-07-26,Davion Pennington
100515,1956-09-09,Giovanna Griffin
100516,1990-05-29,Dallas Ross
100517,1945-05-11,Cassidy Hood
100518,1967-05-29,Van Petty
100519,1955-09-05,Erin Hahn
100520,1975-11-26,Bethany Morris
100521,1940-02-01,Layton Duncan
100522,1973-02-01,George Washington
100523,1962-08-19,Porter Allison
100524,1978-08-07,Eden Trujillo
100525,1973-02-25,Marcel Cabrera
100526,1992-09-10,Jensen Petty
100527,1948-11-17,Colten Phelps
100528,1971-06-19,Judith Salas
100529,1948-03-30,Tristian Trevino
100530,1983-10-02,Mattie Lucas
100531,2001-09-14,Ralph House
100532,1972-06-05,Jase Holloway
100533,1988-04-08,Micheal Fuller
100534,1943-02-03,Andrea Li
100535,1986-01-02,Kaelyn Jennings
100536,1960-11-23,Katelyn Blake
100537,1993-04-01,Lea Knight
100538,1991-03-05,Ernest Chan
100539,1970-09-19,Emilie Chavez
100540,1992-04-02,Mollie Campos
100541,1944-02-21,Mckayla Hickman
100542,2005-08-26,Tiana Casey
100543,1952-02-29,Valentina Spence
100544,1974-09-12,Jerimiah Gallegos
100545,1987-03-14,Duncan Vazquez
100546,1940-04-04,Alonzo Lindsey
100547,1977-12-16,Chasity Gill
100548,1986-11-01,Elliana Garcia
100549,2005-04-19,Arielle Hale
100550,1968-04-22,Skylar Rodriguez
100551,1963-10-31,Alison Hurley
100552,1983-05-16,Simeon Myers
100553,1991-04-07,Scarlett Flynn
100554,1987-09-11,Jade Durham
100555,1976-08-09,Madisyn Wilkins
100556,1981-02-13,Cade Wolf
100557,1972-10-05,Kamden Leach
100558,1955-02-07,Tyree Neal
100559,1965-08-11,Keith Bartlett
100560,1943-02-08,Trevon Orozco
100561,1994-04-16,Priscilla Leon
100562,1956-11-01,Sarahi Rowland
100563,1977-04-06,Nathalie Merritt
100564,1950-05-29,Chaz Morales
100565,1954-06-19,Charlotte Smith
100566,1989-10-22,Arnav Larson
100567,2002-08-18,Georgia Hunt
100568,1946-07-30,Damian Cowan
100569,2005-04-01,Muhammad Moore
100570,1979-09-12,Carley Keith
100571,1961-07-30,Case Clements
100572,1946-04-07,Leyla Barr
100573,1975-08-26,Averie Jensen
100574,1981-02-26,Lea Sanders
100575,1951-08-25,Skye Gibson
100576,1992-11-12,Jaylen Suarez
100577,1972-05-17,Taylor Cisneros
100578,1976-12-15,Ian Ochoa
100579,1963-07-04,Frances Barrera
100580,1958-12-21,Jaydan Jacobs
100581,2002-05-07,Danna Bradshaw
100582,1946-10-24,Tyree Fernandez
100583,2000-07-14,Chance Little
100584,1994-08-08,Davin Le
100585,1982-03-06,Gael Kane
100586,1968-10-28,Phoenix Camacho
100587,1949-08-28,Joshua Mckenzie
100588,1990-04-28,Erik Blankenship
100589,1941-11-01,Keagan Palmer
100590,1981-07-11,Parker Cuevas
100591,1948-10-10,Rudy Schroeder
100592,1946-11-02,Amelie Mueller
100593,2000-04-25,Leah Spence
100594,1952-04-10,Demetrius Norton
100595,1944-04-16,Dahlia Knight
100596,1994-03-29,Alison Booker
100597,1957-05-03,Nico Edwards
100598,1944-05-24,Aubrie Hill
100599,1964-02-09,Damarion Campbell
100600,1970-09-22,Orlando Hunter
100601,2000-11-09,Nathanael Fletcher
100602,1948-06-24,Jocelynn Gutierrez
100603,1969-01-05,Alaina Fitzpatrick
100604,1960-10-27,Melanie Summers
100605,1968-12-23,Trystan Proctor
100606,2004-07-19,Nathanial Roth
100607,1950-01-06,Viviana Castaneda
100608,1961-08-27,Jaron Grant
100609,1977-08-21,Jaidyn Gentry
100610,1962-07-04,Ellen Frazier
100611,1954-02-27,Beau Bender
100612,1991-09-26,Danielle Long
100613,1952-12-08,Phoebe Hampton
100614,1949-08-22,Christine Jacobson
100615,1950-11-10,Branson Mcgrath
100616,1945-11-04,Marshall Mclaughlin
100617,1954-04-18,Brenda May
100618,1943-11-30,Jared Garza
100619,1951-02-27,Bryan Campbell
100620,1995-03-07,Kenneth Spears
100621,1997-08-02,Essence Peters
100622,1996-11-11,Marisa Murillo
100623,1944-06-12,Alaina Dixon
100624,1966-01-09,Addison Wiggins
100625,1944-12-15,Antonio Brandt
100626,1978-09-23,Zoie Powers
100627,1943-06-10,Mariam Bean
100628,1951-01-06,Alexa Campbell
100629,1994-10-02,Rylan Hess
100630,1975-01-14,Kaleb Benitez
100631,1959-09-02,Charlotte Nichols
100632,1992-10-27,Troy Nicholson
100633,1952-08-22,Jolie Swanson
100634,1979-06-05,Van Meadows
100635,1971-05-14,Faith Moreno
100636,1954-10-25,Zaria Page
100637,1940-08-20,Hadley Atkins
100638,1997-01-08,Rose Duffy
100639,1965-04-05,Tiara Morgan
100640,1997-09-16,Kayleigh Booth
100641,1973-03-31,Jerimiah Pena
100642,1987-10-15,Malcolm Mccormick
100643,1966-06-30,Maribel Reid
100644,1953-09-15,Brent Wiggins
100645,1978-04-13,Esteban Mcclain
100646,1959-07-19,Colton Dominguez
100647,1984-02-10,Sage Villa
100648,1964-05-13,Kathryn Mendoza
100649,1941-05-28,Kaliyah Rosario
100650,1961-05-21,Levi Henson
100651,1992-11-04,Carly Bradshaw
100652,1953-07-10,Cecilia Conrad
100653,1959-07-02,Elias Perry
100654,1954-04-11,Lilah Chung
100655,1958-03-02,Dakota Mooney
100656,1950-03-15,Asia Padilla
100657,2001-05-10,Clinton Graves
100658,1952-08-27,Sherlyn Barber
100659,1976-09-01,Rosa Jensen
100660,1967-11-22,Kierra Maddox
100661,1999-12-26,Eric Barber
100662,1970-05-02,Caroline Pittman
100663,1943-09-21,Mckenzie Phelps
100664,1955-09-11,Alden Parker
100665,1988-06-01,Pedro Ferrell
100666,1969-12-23,Daniela Haas
100667,2001-01-09,Jazlene Henson
100668,1966-06-27,Misael Galloway
100669,1971-12-30,Ainsley Joyce
100670,1971-05-22,Alyssa Giles
100671,1990-10-01,Marlee Barrett
100672,1943-09-09,Pedro Oconnell
100673,1979-01-18,Aydin Thornton
100674,1945-07-03,Frankie Kirk
100675,1979-03-28,Valeria Brandt
100676,1992-09-17,Clare Ritter
100677,1977-01-24,Phoenix Riddle
100678,1970-06-12,Giada Pitts
100679,1991-04-21,Bruce Ramos
100680,1982-06-02,Zoie Richardson
100681,1959-07-03,Danny Benitez
100682,1998-11-30,Charity Woods
100683,1972-09-16,Meadow Lamb
100684,1972-08-29,Zaid Terrell
100685,1990-06-09,Caylee Cuevas
100686,1950-12-14,Bo Miranda
100687,1974-04-15,Devyn Simon
100688,1986-12-09,Jamison Fernandez
100689,1988-11-16,Bryce Hale
100690,1944-06-08,Devin Bowen
100691,1942-12-26,Malachi Wiggins
100692,1974-03-10,Angelique Bender
100693,1989-06-11,Cannon Ayers
100694,1978-05-01,Jaylan Whitehead
100695,1958-02-03,Skye Hodges
100696,1945-06-30,Angeline Middleton
100697,1970-06-20,Owen Steele
100698,1974-05-21,Jaquan Morrow
100699,1957-06-03,Tyrese Dougherty
100700,1961-06-09,Elliot Morgan
100701,1968-07-10,Lara Weiss
100702,1968-04-05,Lilah Burch
100703,1977-02-20,Matias Butler
100704,1967-08-23,Davian Collins
100705,2004-01-23,Jorge Foley
100706,1957-06-23,Niko Franco
100707,1977-06-24,Triston Steele
100708,1997-04-08,Kimora Stevenson
100709,1983-09-15,Ireland Beck
100710,1990-09-11,Gisselle Brennan
100711,1950-08-13,Karter Haas
100712,1951-02-03,Aubree Golden
100713,1991-06-26,Keely Frye
100714,1943-03-23,Brett Jenkins
100715,1967-12-15,Hezekiah Black
100716,1956-06-24,Abdiel Mckay
100717,1961-12-15,Reuben Stephens
100718,1991-11-29,Miranda Beltran
100719,2001-10-01,Autumn Mccall
100720,1940-06-10,Eduardo Mcdowell
100721,1940-03-04,Odin Rivera
100722,1942-04-25,Jenny Boyle
100723,1948-09-14,Kingston Zamora
100724,1979-10-22,Haleigh Crosby
100725,1986-08-15,Amaris Chapman
100726,1998-01-01,Angel Patton
100727,1944-02-06,Tommy Byrd
100728,1970-12-14,Santiago Woodard
100729,1994-02-25,Angelica Horn
100730,1988-01-01,Diego Murillo
100731,2003-04-30,Regan Cabrera
100732,1977-10-12,Finley Black
100733,2002-06-14,Zara Bowen
100734,1991-05-27,Ayana Richards
100735,1985-01-11,Jamar Craig
100736,1976-05-08,Jefferson Gross
100737,1967-07-07,Alisha Good
100738,1975-10-18,Darren Ware
100739,1964-04-27,Kamari Braun
100740,2005-05-12,Marcos Rosario
100741,1965-07-23,Julianne Odom
100742,1999-12-25,Aubrey Campbell
100743,1997-05-16,Ellie Cisneros
100744,1991-05-17,Lexie Villa
100745,1979-09-12,Kamden Skinner
100746,1947-04-15,Sonia Davila
100747,1950-01-22,Bentley Preston
100748,1998-06-04,Jose Ferrell
100749,1971-04-05,Oscar Woods
100750,1983-12-07,Nelson Meyers
100751,1953-01-12,Vance Costa
100752,1987-01-24,Emmanuel Nash
100753,1950-12-21,Roderick Ward
100754,1984-03-09,John Poole
100755,1966-03-21,Adison Roach
100756,1987-10-27,Teagan Herman
100757,2001-10-14,Heidi Beck
100758,1966-10-17,Josephine Tanner
100759,1988-03-30,Kali Rosales
100760,1945-06-29,Madisyn Riddle
100761,1973-12-21,Immanuel Weeks
100762,1941-01-07,Daniela Bryant
100763,2005-04-28,Kassandra Cabrera
100764,1966-01-27,Michaela Melendez
100765,1982-11-01,Van Raymond
100766,1950-09-22,Sullivan Middleton
100767,1959-03-04,Clara Trujillo
100768,1952-02-09,Nikolai Blevins
100769,1991-02-16,Sidney Ward
100770,1979-02-14,Hana Mclean
100771,1986-10-31,Edgar Shea
100772,1993-03-15,Ruby Carr
100773,1989-03-02,Dayton Ayala
100774,1983-10-07,Melanie Carson
100775,1942-09-30,Phoebe Crosby
100776,1986-09-05,Sasha Hart
100777,1968-08-14,Patricia Palmer
100778,1967-09-16,Esther Castaneda
100779,1992-03-16,Samuel Hendrix
100780,1993-12-22,Ashanti Rojas
100781,1961-04-09,Derick Wolf
100782,1991-02-03,Amir Underwood
100783,1951-03-19,Zaire Roth
100784,1962-03-09,Abby Burns
100785,1972-12-03,Keon Gallagher
100786,1955-11-20,Hayden Lang
100787,2004-12-05,Misael Ramirez
100788,1949-09-14,Salvatore Aguirre
100789,1972-04-09,Rishi Guerra
100790,1997-02-10,Aleah Pittman
100791,1991-03-26,Lamont Joyce
100792,1979-02-27,Osvaldo Arnold
100793,1965-07-14,Francis Monroe
100794,1957-08-22,Cael Mclean
100795,1976-08-20,Alejandro Kline
100796,1944-01-11,Karlee Donaldson
100797,1985-02-03,Jamison Bentley
100798,1970-10-21,Santino Cervantes
100799,1941-09-21,Tobias Carrillo
100800,1968-01-21,Semaj Douglas
100801,1994-06-30,Alisha Tucker
100802,1977-11-29,Gunner Stone
100803,1943-03-10,Coleman Nguyen
100804,1992-09-02,Madeleine Dawson
100805,1947-08-31,Oswaldo Chapman
100806,1984-12-25,Walker Kane
100807,1958-02-21,Isabel Cole
100808,1985-07-17,Camden Short
100809,1969-02-26,Julian Stone
100810,1943-07-11,Reynaldo Gilmore
100811,1996-08-28,Braelyn Bartlett
100812,1953-06-11,Clay Frazier
100813,1975-11-15,Angelina Bonilla
100814,1997-10-21,Devon Dickson
100815,1941-07-28,Danica Ramos
100816,1964-11-11,Evan Choi
100817,1943-12-30,Victoria Dixon
100818,1942-08-20,Valentin Cook
100819,1968-12-16,Haleigh Mann
100820,2000-01-23,Jazmyn Riggs
100821,1959-11-22,Ian Contreras
100822,2003-11-07,Denise Sellers
100823,2000-03-14,Salma Newton
100824,1997-05-01,Gregory Cunningham
100825,1940-05-04,Jamie Cantrell
100826,2001-05-18,Shaun Vang
100827,1957-12-18,Valentina Cabrera
100828,1959-12-23,Camden Winters
100829,1977-12-02,Ezekiel Webster
100830,1978-04-23,Deangelo Gardner
100831,1979-07-30,Stacy Mack
100832,1942-07-26,Eliza Landry
100833,1942-02-11,Kendall Shelton
100834,1992-04-19,Kai Dennis
100835,1969-10-11,Ronin Reilly
100836,2001-12-02,Avery Douglas
100837,2002-03-13,Jasper Lambert
100838,1981-11-15,Ramiro Rios
100839,1941-10-06,Joe Rios
100840,1969-09-19,April Padilla
100841,1977-12-30,James Hebert
100842,1991-10-22,Remington Andersen
100843,1982-04-23,Rory Gilbert
100844,1994-08-21,Catherine Melton
100845,1981-05-17,Tianna Gould
100846,1961-01-25,Marcelo Brandt
100847,1944-05-10,Charlotte Orozco
100848,1947-12-24,Natalie Rush
100849,1985-12-05,Reynaldo Thomas
100850,1977-06-24,Angie Padilla
100851,1999-01-23,Darryl Franco
100852,1994-06-10,Leyla Stanton
100853,1962-12-02,Grady Shannon
100854,1988-01-12,Harmony Dickerson
100855,1999-06-26,Jaylyn Parker
100856,1980-03-22,Josue Cain
100857,1949-10-02,Nia Montoya
100858,1978-01-24,Jalen Winters
100859,1953-08-03,Alma Goodman
100860,1963-05-15,Antoine Rasmussen
100861,1946-09-04,Braiden Buck
100862,1948-12-26,Xzavier Wilcox
100863,1978-01-15,Rashad Rodgers
100864,1951-12-26,Mayra Keller
100865,1967-01-14,Dale Sweeney
100866,1992-12-19,Jorden Coleman
100867,1949-03-10,William Tran
100868,1941-07-05,Aliza Frost
100869,1958-02-05,Patricia Trujillo
100870,1984-08-19,Nathaly Maxwell
100871,1967-06-04,Brock Farrell
100872,1977-02-26,Aurora Duke
100873,2000-10-16,Aliyah Hicks
100874,1945-02-21,Tyshawn Grimes
100875,1992-09-02,Ayana King
100876,1989-01-02,Rhett Cervantes
100877,1947-03-16,Kole Watkins
100878,1975-06-29,Harmony Barnett
100879,1978-10-13,Marco Humphrey
100880,2003-10-13,Zara Patrick
100881,1948-10-20,Ricky Rosario
100882,1996-05-19,Dominic Ayala
100883,1959-08-22,Maximillian Wagner
100884,1969-09-22,Nicolas Conrad
100885,1971-12-11,Ryker Pugh
100886,1990-12-24,Rigoberto Middleton
100887,1982-04-16,Damien Lyons
100888,1943-10-28,Katelyn Melendez
100889,1952-01-05,Janiah Wilson
100890,1996-08-08,Lillianna Montoya
100891,1998-08-14,Aryanna Landry
100892,1981-01-09,Chaz Barnes
100893,1961-06-11,Damien Cummings
100894,1979-10-20,Emily Montgomery
100895,1956-04-20,Andre Mills
100896,1962-04-19,Jamari Davila
100897,1940-12-13,Juan Rogers
100898,1958-10-22,Caitlyn Rubio
100899,1974-08-23,Aniyah Spears
100900,1998-06-04,Darnell Mcguire
100901,1985-01-10,Lainey Boyer
100902,1992-07-12,Finn Horn
100903,1949-11-01,Elise Chase
100904,1964-03-03,Campbell Holmes
100905,1957-03-31,Cindy Hanna
100906,1961-10-15,Zayne Henderson
100907,1986-09-23,Ariana Wade
100908,1958-11-26,Kaliyah Harrison
100909,1961-03-14,Samson Wiggins
100910,1965-08-31,Kaya Silva
100911,1941-01-09,Jayson Russo
100912,1964-09-01,Cailyn Vazquez
100913,2004-08-02,Alicia Duffy
100914,1994-02-22,Amira Figueroa
100915,1948-05-10,Leland Schroeder
100916,1962-01-16,Milo York
100917,2005-02-10,Lance Wells
100918,2003-12-16,Kenna Le
100919,1966-10-31,Isabel Choi
100920,1988-11-02,Liberty Mckay
100921,1964-07-05,Hezekiah Mahoney
100922,1999-07-19,Johanna Howell
100923,1988-01-31,Gunnar Rowe
100924,1961-10-02,Cali Mann
100925,1968-09-15,Kyla Buck
100926,1983-06-30,Kamden Clayton
100927,1987-10-25,Milton Fisher
100928,1952-05-18,August Adams
100929,1992-10-21,Ainsley Lucero
100930,1968-02-17,Deanna Lawson
100931,1961-03-08,Zachary Obrien
100932,1945-06-24,Dwayne Phillips
100933,2004-02-23,Raquel Horn
100934,1951-03-03,Elyse Holmes
100935,1948-11-08,Susan Guerra
100936,1997-09-18,Cole Pineda
100937,1973-02-18,Tommy Hickman
100938,1947-02-19,Caitlyn Ponce
100939,1989-08-31,Dalton Collier
100940,1940-04-08,Theodore Henderson
100941,1992-02-20,Meadow Gray
100942,1987-08-27,Abdullah Ali
100943,1965-06-16,Aiyana Rivera
100944,1956-02-17,Chasity Schneider
100945,1993-12-14,Mercedes Abbott
100946,2001-04-28,Leia Zavala
100947,1998-01-18,Issac Mcdonald
100948,1945-01-12,Journey Peters
100949,1997-03-19,Lilah Sparks
100950,1991-09-12,Anahi Flores
100951,1986-05-14,Mariam James
100952,1997-08-31,Gael Camacho
100953,2001-07-08,Johnathan Espinoza
100954,2002-08-01,Nikhil Hays
100955,1990-10-07,Cason Weiss
100956,1957-05-07,Jazmyn Mullins
100957,1972-10-24,Renee Mcguire
100958,1986-11-28,Bryant Hurley
100959,1972-01-25,Tomas Cameron
100960,2001-03-30,Brielle Russo
100961,1997-08-30,Yaretzi Sandoval
100962,2001-03-22,Jazmin Mcfarland
100963,2003-09-21,Ty Arellano
100964,1958-07-08,Dayana Cortez
100965,1987-12-07,Jayden Mejia
100966,1940-11-27,Francesca Bray
100967,1956-08-27,Alvaro Watson
100968,1974-11-07,Branson Patterson
100969,1978-10-13,Terrance Mays
100970,2004-03-12,Jeffrey Singh
100971,1971-10-17,Kierra Compton
100972,1974-09-07,Litzy Thomas
100973,1955-11-03,Nathalia Peters
100974,1956-12-03,Kelvin Rosario
100975,1963-02-19,Isiah Kramer
100976,1970-02-25,Finn Vaughan
100977,1956-11-19,Melody Krause
100978,2001-02-04,Genesis Hopkins
100979,1949-06-05,Dominick Austin
100980,1972-02-21,Dean Carney
100981,1962-04-03,Zoie Peters
100982,1992-08-09,Tabitha Green
100983,1958-10-28,Macie Hunter
100984,1981-08-08,Valentino Valentine
100985,1979-08-28,Imani Arnold
100986,1996-06-17,Marlene Nguyen
100987,1943-08-18,Moses Best
100988,1972-02-03,Mason Huff
100989,1977-03-07,Jenna Bray
100990,2004-09-25,Irene Ayers
100991,1964-03-02,Armani Cantu
100992,1985-11-09,Kenneth Cohen
100993,1992-12-06,Ayana Mcbride
100994,1964-02-07,Winston Williamson
100995,1968-03-11,Van Weeks
100996,1958-12-12,Cruz May
100997,1963-08-04,Adam Callahan
100998,1997-09-05,Amiyah Jacobs
100999,1959-08-03,Cedric Cook
101000,1992-10-03,Izaiah Martin